dataMatrix	L818f	L819f	L824m	L825m	L826m	L827m	L836f	L841f	L848m	L849m	L854f	L859m	L862f	W616f	W617f	W620f	W621f	W622f	W623f	W625m	W627m	W628m	W629m	W630m	W631m	W632f	W633f	W634m
isobutyric acid	24.6432706233183	21.4556338067424	21.8823551283834	21.4641304725377	21.8294861198404	21.3447423980079	21.3159039183782	21.5978576093468	24.6201179857751	21.4115180257348	21.5900131187213	21.2542851409119	21.1983107171166	21.4959232706742	22.2892732293429	21.4968424085373	21.6206803941036	21.5234305894714	24.2434670990613	21.7836247978645	22.6584776185327	20.5671027071751	20.118541377429	21.3010528406668	21.3521730191409	21.5153807124638	21.5597013557768	21.7876559753266
oxalic acid	23.3990861396141	23.4941108752006	23.7327719304484	23.9462529266917	23.6380676016458	23.4492034189427	23.0165318745298	23.569853663042	23.8148583435779	23.1193961097897	23.6381889598653	23.6981320731682	23.0823761336422	23.2408455539058	23.1963760480005	23.561733921298	22.968524436332	23.2112829906866	23.3204800823	23.6740672197034	23.3923563445374	23.0793073793268	23.6236694949347	23.2556502141576	23.3778315581991	23.2269666474978	23.5153436027203	23.6158328850244
isovaleric acid	21.4100340159034	20.4421466345655	20.368916879871	21.6523679689806	21.9649808235387	21.5039019743205	19.9170873547503	20.4849213989063	21.8399722754534	20.848405940127	21.8672775051337	20.4689817494218	20.4264266289272	21.4073745995742	21.7992338097014	21.5497394962491	22.3036813674739	21.0717911296128	21.8593765748561	21.1122279022775	21.190632575757	21.0093518303345	20.4513642251944	21.601948640223	20.577228558045	21.6150819655502	21.8405308910577	21.1638763386589
L-serine	23.4368483984856	23.880847568808	23.819261681732	23.7090291555723	23.4908989848244	23.562210166276	23.9893042703311	24.5072685996515	23.9462265704923	24.0661379796083	24.0399762254771	23.9949140539593	23.9800406403452	24.9117670370937	24.4914870289251	24.8877806682741	24.2156876958543	24.808670955689	24.792449395691	24.3764411232789	25.1734626655939	24.2673533492238	24.3737059235853	24.5838951597252	24.4679239193072	24.2888494140326	24.5864980633589	24.0599892166987
citric acid	24.0505904307079	21.7098940707861	22.2890665246473	24.2638401917899	24.8857733962405	24.7469445891968	21.7567554253272	22.0634036398913	24.6548934520662	21.7388760877659	25.0968232290501	22.2753720480028	21.1993146889085	21.4215702378221	21.486886074219	21.885789451856	21.7463913052529	21.590646437358	21.5398096093859	21.7619545253174	21.4934787537675	22.4472007964465	23.0809885866881	21.5388671582309	20.8044052070357	22.4532525455422	22.7555002926912	23.605232399997
L-proline	23.6169132404815	24.7073245356407	24.7266515406331	24.3696449684916	24.1258641073867	24.1364625046918	24.5854395211854	25.0661936171348	24.4690442073519	24.3743579903604	24.3649776932931	24.5346373045709	24.4310001093794	25.412038326999	24.7539290438681	25.5182238702756	24.5964029566559	25.2834996184506	25.0022659191614	25.0453505422878	26.0270923589092	24.7894204678787	24.5128159923731	24.867246409852	24.7593407783679	24.7613389963438	24.9673296479815	24.877509260804
hexanoic acid	22.5954768921224	20.2507340578888	20.6689259274515	21.1413522587113	21.1164044653639	20.8653173215734	20.3553490534764	20.0786657855862	23.1592698133351	20.1458298043117	20.7757897337693	20.1704064942915	19.7666162749069	19.7934259160124	20.8248864819243	20.2231366862439	20.0682901849527	19.4436972687202	22.3921813198623	20.8664858106611	20.9976991531172	20.3539114355679	21.303550962728	21.1184305708966	20.2078284359883	20.2185870144837	21.1212416588923	21.1738790741021
methylmalonic acid	21.1501579167392	22.2062096798298	22.2068455741658	23.5111261613997	23.1627189194482	23.2241355923213	21.8282265321358	22.3443375642653	22.8219721034178	22.047643981383	23.6836775017532	22.5405089370418	21.6748085330245	21.6709839579906	22.8943677566497	23.4121084029766	21.6023547883701	21.7251791367015	21.7098912849064	22.4578575269561	22.1649704069636	22.4305296607625	23.2791600607433	22.2078991875407	21.8500055923877	23.2965820466663	23.3342611243454	22.7425880841461
nicotinamide	25.7617149199632	26.5000074656415	26.3956489529368	26.6448319857209	26.6280034587098	26.5818861542516	26.404632785943	26.5485036673349	26.5368002620762	26.2934266910941	26.4578336164921	26.3060080291599	26.2771508882613	26.5177981411587	26.2382474548539	26.3927303214261	26.3445973702054	26.5692468871568	26.2770390047041	26.3221674114906	26.6710681046642	26.3702925303782	26.3879127481041	26.31481549987	26.2682472832695	26.3912555228006	26.1509118601356	26.47231297211
L-ornithine	21.5398131688221	21.8678988915542	21.5221097854603	22.1233700541743	21.7493678921213	21.6456491625247	21.8403526627491	22.4688290101955	22.2941609192036	21.6721792888858	21.9030181078572	21.7818244405061	21.6156730471749	22.257218839579	22.0856241782941	22.7232686595175	21.7097108511129	22.0114280291053	22.0931931005106	21.9003277843361	22.3373583021633	21.9135189291792	22.3374808119437	21.809990891993	21.8226420371896	22.3498585936215	22.4256087039441	22.2164839642967
O-phosphoethanolamine	20.6350211461988	21.1153893573217	20.4593158923901	20.5212608879374	20.179277157924	20.2184262461726	21.0726919762369	21.3510013790993	20.505737080186	20.3884150475432	20.6865593259812	20.6920661190923	20.9625073787504	21.2885832605763	20.8419046677288	21.5636892583105	20.9963770047775	21.3635759393146	20.773564411687	20.4456006265485	21.2881331357788	20.2293025554166	20.7566964410183	20.2912112256513	20.0618998436162	20.6626343128514	21.0656335097436	20.1905352066235
O-acetyl-L-serine	22.4286580486438	23.1060966149434	23.6653786828551	22.5265520308831	23.0332430071916	23.0125410010733	21.6271606530616	23.472484975737	22.2402933954518	23.2974368097734	23.0791194950479	23.1952120881411	23.1199624064869	23.4424257076789	23.072069490157	23.8092595524945	23.4653304226695	23.6436036386379	23.4306518037924	24.0093404831251	24.0945335703259	23.4290535002523	23.1300762798481	23.4976927182017	23.2466114002203	23.3538766732717	23.6737107345277	23.6113407142328
(R)-2-hydroxyglutaric acid	23.0649958063914	23.4136958656324	23.7673559628777	23.3832890721969	23.1246715446826	23.0275573356009	22.9498417554538	23.4306227220623	23.5767656224657	23.4480569064967	23.1429509095171	23.3158804534094	22.7421825340339	23.3464772834788	22.988594907812	23.0710699656818	23.0665166070557	23.2191063529769	23.2320033678272	23.874967485694	23.5618228579132	23.277375121579	23.7070930632122	23.8028477722216	23.3164940674954	23.2479411697799	23.3212127367438	23.4334901980816
9H-xanthine	26.0254887267265	26.5438019395629	26.3092890605313	26.043538145878	26.2899397787118	26.1175202085097	26.9016316448233	26.7058102780017	26.5952945065916	26.588861789574	26.6766174878806	26.6266282617505	26.8472374258863	26.9815944036907	26.9261290999294	27.0257747415842	26.9987295616243	26.9302801098858	26.8782281184519	27.0116667011353	26.9735189016755	26.9474655552801	27.0931877150338	27.0001130906175	26.6980521679509	26.8968440963364	26.9211755657085	27.0349265144379
L-histidine	23.8522707796243	24.1913145012688	24.6147526463692	24.3725122840727	24.1179796292439	24.1308817112622	24.2482628297547	24.6625232162813	24.2443830534209	24.4352296992236	24.2224382497219	24.1542967989625	24.0536127653204	24.6671429254111	24.5385871452956	25.0309810327725	24.1625191472073	24.8194204258113	24.5250712454156	24.6735580151	24.9731074859563	24.3594330875965	24.7267054879226	24.6229642900776	24.2084561446777	24.7242644987884	24.4583876484586	24.5349566238306
orotic acid	19.2979250103165	19.6305071465511	24.9833401706523	20.0157468330515	20.3510699591803	19.6724877633966	20.4998913919263	18.9364872475036	21.9255482926078	20.9543681191059	19.3321470092323	20.7235026776104	21.0869606298322	22.6322634681015	19.8799435853752	21.5361417191611	23.6723620239531	22.5472075362862	20.786713245629	24.5259164100541	23.3144754712628	20.6201176427087	20.2655667508542	19.8704593252404	20.7034127102542	20.1080178780453	19.9803329910565	20.5402543338979
nonanoic acid	20.3568665215385	20.3625325264832	21.5974732378229	21.7423610251124	20.4282941050172	20.8304356299962	21.155100723036	20.0500416774669	21.5974390478281	20.4881099515044	20.779659329891	20.4927929758477	20.2308103936838	19.4238303956856	20.0997479808567	19.7961652967416	20.4674041361133	19.6739965960498	20.82284872448	20.2567470643122	20.0731587127804	20.6350088674678	21.7623753708808	21.5964905893259	19.6053782675588	20.3146289235731	20.8838882807813	21.0265105627218
phosphoenolpyruvic acid	18.5738875278979	20.2637311112817	20.4331850308704	18.5872083586065	18.4966365299717	18.2186095872455	20.0564075132305	20.701320846867	19.151039090739	20.6960140941807	18.6125381009525	20.295832820251	19.9492525020688	19.8960035780558	19.5044173082696	19.8806683684594	19.6405319805883	19.5571469254959	18.8159273562473	21.0268469222723	20.776721366568	19.7309069156579	19.1046281849473	19.1169018213605	19.9130217416663	18.8170870208585	19.0183303280859	19.2617570413103
sn-glycerol 3-phosphate	22.7468933491368	23.6082877647078	23.3491139515229	23.0154034818128	23.4292014991078	23.04496653082	24.1371039527242	23.3008539893184	22.6605014948925	24.1137319141083	22.3188817510566	23.6734473257167	23.7282332862903	23.2715433866471	23.264545112786	23.6308004682192	23.4207633768244	23.7537055100239	22.8470560075764	23.094498162097	23.1374494576453	20.3419921733274	21.8530726914937	22.1607990039312	22.9972394467771	22.4596937589192	22.1583443428837	21.8152597592613
L-citrulline	19.7493887566153	19.3919609651763	20.5573337457908	19.8709976744294	19.0564175687926	19.7044499607175	20.1700093851285	20.2049292900985	20.2148681007723	19.9541096729121	19.0162555084457	20.005442260159	19.6986539732587	20.4425112525394	19.6627542443558	20.5157768243106	20.4366403847321	20.7924185684461	20.1530324206852	19.4832178624394	20.1302726685335	19.9687117867252	20.1114999463179	20.3931327504571	20.5332498744428	19.9877067355824	20.2497986294001	19.617770374484
3-(4-hydroxyphenyl)lactic acid	22.2507185343511	23.4471632052883	23.7837496300911	23.3681403402259	23.6529605885666	23.3380038772544	21.5574940852599	23.6491606625161	23.7149376325684	22.860994113748	23.3996131535429	22.6511561707064	21.2529379445166	22.124733149357	22.6497802460317	23.7885844269481	20.7659019736308	22.1009333757446	22.187131540958	22.6547900621352	23.8223508465644	23.1765341527496	22.8616577310708	22.7917988124327	22.9645555687984	23.4412597247077	22.5733855406907	23.4643855845778
D-mannitol	22.7823257949025	23.8349104870713	23.6164700967989	23.6355325893868	23.6372111298095	23.5864196042492	23.2048979558858	23.7774558963239	23.5779380517199	24.0801937706716	23.3181075021411	23.4660896587094	23.0813093490846	23.2857088269357	23.5841408776655	23.7085655935003	22.5140318418805	23.1374547736622	23.1371914509319	23.5848971458335	22.9136553219796	23.3045210850048	22.9570988524398	23.2653118646812	23.4371760121076	23.5383898992702	22.9099421448307	23.2295336676114
Tyr-Phe-Met	22.0024490169246	23.1501442430298	22.5069779639798	22.7998450247165	23.5211414018674	23.2192357421819	21.0421823748251	21.7882535418447	22.260076484377	21.9485757681058	22.25031461186	21.077102562965	21.4399394114765	20.3518903486414	21.2387709088368	20.7362945682122	19.6366718774909	19.9305856149487	20.7625142420632	21.1721808721931	21.108844099726	21.5560789299792	21.022895369916	20.3717256046954	20.9282646240884	20.9028027211044	20.8097948148055	21.1977896126381
N-acetyl-L-phenylalanine	19.2226873758259	18.7305122620544	18.4482219928915	18.8278928153988	19.9388315384711	19.3904047304276	17.7130608997739	18.6933453817461	20.6077953504368	18.5547435955632	17.8256296285835	16.2197605076004	18.300239934764	19.5869797533117	18.1429287126011	17.9388817783576	18.3761033388872	20.2005466408926	18.505211443115	19.3334674548744	20.7224857033214	18.8170176734355	17.7598231814403	19.5499126740844	19.967026383626	17.0585403686621	16.2930345710535	18.9649418091388
indoxyl sulfate	21.412184756164	21.7010623197278	22.7991122215983	20.3772391314664	21.2958423468429	20.4924233850806	21.4859054491929	20.6321760742389	20.7346294175611	21.1613884120284	21.7686984265804	21.2291749762061	21.0260722055679	20.6345682412912	20.4605418865371	22.03555021538	22.1316698509718	21.6909954423736	21.0912539377885	21.334565181339	21.9678341596854	20.3042254137161	19.1746994636618	19.5495679150679	20.0350393523253	21.5395658902343	20.8600571458487	20.6911386123663
tetradecanoic acid	22.2062444147207	22.6523165455347	22.7441690632223	22.8638508915884	22.9805686299593	23.0969565420211	22.996606578141	22.4956003519379	23.1002462225816	22.4514038138758	22.9527268526354	22.3712528705358	22.3876576602268	22.6116565839098	22.6055186280201	22.8824061019411	23.071720448987	23.2238600133591	22.8470122183331	23.1788192241087	23.0123631628279	22.9948535377678	23.200325721575	22.9290120138952	23.1657183702559	23.26600340955	22.2965773858817	23.1832179867864
muramic acid	22.1123605970569	22.9355871846932	23.8026313350828	22.795482247986	23.6466978997388	23.2302066518286	22.2190361362256	23.5980296624601	22.2656179077364	23.0366632836193	23.2089707666766	22.6702400071003	22.5993982634418	23.7620660804009	23.3080924825232	24.3077534975806	21.8598297266573	23.5633749321452	23.286643064684	23.4140096658791	23.6336223149084	22.9332432872099	22.6228213142663	23.5549052065202	23.126724478071	23.5421833615996	22.7228264967624	23.4426938582371
elaidic acid	27.3976769583456	27.8181343908743	27.3985610475416	27.6368162051376	27.4220520022961	27.6069880858965	28.4953262295931	27.7119057055213	28.0364857394187	27.6532411529537	28.0483110544611	27.6022488430979	28.0042464507034	27.9399365969305	27.8453045908797	27.5774026288072	28.3321704991495	28.8433069331798	28.5371059125555	27.8447596845946	27.4231190606955	27.9890748152568	28.3431915578151	28.313575180524	28.3338898603865	28.0523261276923	27.8877812012197	28.167947800622
xanthosine	22.4766396687624	21.8548120877457	20.8753661506452	23.2604488248863	23.3475982564489	23.0315586923643	21.7899948407639	21.7480544121121	22.8069806392629	22.069525487105	23.138049262181	22.1442427993411	21.7255206191519	21.057431233114	23.2319873937109	22.4869572503876	20.8353495975745	21.056447867365	21.9069038038156	22.0930003202713	12.6605171925037	23.2902510630649	22.543057079813	21.9887900717248	22.6858592066232	23.5905307437932	23.0118950228128	23.1133221742003
all-cis-5,8,11,14,17-icosapentaenoic acid	21.8203231162457	22.5346512607715	22.405114968433	22.4763855345343	23.1321997226974	23.1993659164288	21.918461475349	22.7573655917965	23.0887125529945	22.0919395771963	22.4972493313379	22.2165120122103	22.1594584038696	22.7033261373004	22.5736441829849	22.9398680994301	22.6185902774888	23.3956446086996	22.8000886170983	23.0976086171063	23.4823377605492	23.0646908022514	22.4760072168253	22.9444963523225	23.4282152387148	22.8281421026615	22.3459146716955	23.6090612513709
uridine 5'-monophosphate	16.227708064192	16.9897071504222	18.6604865665966	19.8950224214417	20.0153007038188	19.9920338242716	17.239450291878	17.2032906427809	18.4961028283166	18.6049759222006	15.8537491205027	18.2097998328088	17.3807468294781	17.1180214589285	16.2927113034142	15.9353497034881	16.8124856907429	16.2302743640223	14.700965243729	18.3174373462755	17.4458449781177	16.7590260214506	16.0401002521046	16.8824937956802	16.6555502884005	13.8080038680899	14.6948067550022	17.2077988850038
N-glycoloyl-beta-neuraminic acid	20.7878818403915	20.9748752738361	20.6747646745061	20.9801765428782	20.6346728136292	20.5891006541629	21.2750178951582	21.2131303317908	20.8968571280609	20.8717157704518	21.0081988055582	21.0834897153636	20.931244647926	21.3169289196319	21.0702041644013	21.4968893646228	21.1207245114154	21.2310394914916	21.0084758120024	21.1458220921561	20.9392075774442	20.7074964746735	20.8953733654944	20.8251544484403	20.7194280952878	21.1083023876531	21.2766918231088	20.7763494931304
adenosine 5'-monophosphate	21.7274186192661	22.4727984099568	23.6317496889482	24.8661149341055	24.7990738715966	24.3258536535983	22.1795850715278	21.9118454507154	23.2334523330777	22.8944368191392	22.3661519643074	22.649156824238	22.495015942071	21.54901517003	21.2362589147192	21.177148199298	20.8537808826643	21.0699236875295	20.4700173377206	21.6833578991932	21.3280026486074	20.8686485059273	21.1512494750492	21.0154667785234	20.8979621197037	20.2333867945981	20.228220965962	22.4081910748314
alpha-maltotriose	25.449307771974	25.5745014851512	25.6972807509614	25.6747299562116	25.562038928005	25.4635969919704	26.6897508948952	25.6744651916365	26.0448412674883	25.9936518252617	25.9898612290752	26.1753348598654	26.1730350869004	26.4683367166222	26.2510377323779	26.1319650045867	26.4815010602244	26.5393008137077	26.4498623105022	26.0117945319771	26.0788207182201	26.751674769559	26.841862276768	26.5739862522941	26.6217385640113	26.4023471973532	26.2085805267499	26.4227100972776
deoxycholic acid	20.051611232802	18.9219196580171	19.1647061347636	19.475321788776	22.0431220962261	18.5192907090981	21.1099683483797	19.5822403151377	22.6836626623312	20.102001310064	19.9479251057666	20.5284226323564	18.7649622745354	20.7820943864102	21.4146733660576	20.6452652638594	20.9237496529198	21.0805410584616	21.4675567955785	19.5027350919108	20.2671821626865	20.9206203582349	21.0488939155779	21.2076268511117	21.5950306946611	20.5087522845562	20.7706759897339	20.5278015087483
FMN	16.8515416586163	18.6937394451508	16.8129894955013	12.3285938716165	15.3217040652757	15.1020851980632	18.2378583442547	18.9404902522304	13.7149999443446	18.6237714894657	16.9265705051519	17.9690396347077	19.0395100093377	20.0701615721263	18.6668124052692	18.2530811081968	18.6705321238787	19.4228490906552	18.2593754825582	18.8633777763248	19.446133634185	15.4563374081492	13.9942809466839	17.4967032287986	16.765686245007	15.8505331093263	16.5414380349626	14.3336173022268
taurocholic acid	25.1446272442973	25.2548536019059	24.5204753515952	23.8720623562709	26.595424730941	23.6753784227959	27.6249793128768	24.8822090048036	26.356395566156	24.8945692081795	25.3127660283032	24.9915838639166	24.7566143461166	24.9405812329891	25.8501874816023	24.9693181836827	24.5125548178952	25.067901436822	25.0353288328322	22.6125083597706	23.5126650022354	23.4945294446871	23.5547094540445	23.659739432237	24.5917768450701	25.1347503016029	24.6091657158476	23.5841717371274
ATP	17.5572490344807	18.4476692666161	18.1226510839948	17.5527824039373	17.704907348134	17.2128449715805	17.9353158597196	18.7538810399307	17.7399124289557	17.8610917537528	17.2339182726469	17.9976718163004	17.7900028775544	17.7774820029323	17.4758996377931	17.6232499441584	17.2276638845531	17.4247551509748	17.1215072112268	18.0043839806344	16.7809664538073	17.1534055698279	16.6919969934242	17.1397711611938	17.0423604813405	17.2222241633546	17.3058542372455	17.3602632711304
GDP-alpha-D-mannose	18.4271274368725	17.6374569658621	17.7759889333688	19.688497909548	19.180746160202	18.9918168783976	15.6846861694821	17.2145117025734	19.6053073312083	16.9589955602718	18.5638043936295	17.0840412124392	14.2568558686966	11.3888261520764	15.4806160374034	15.3147117471641	13.0468963424323	10.9657965475178	13.5010198407947	15.0468179205928	12.9841316359045	17.2146293260838	17.6969003057258	15.5343071385446	15.8580026140151	17.7329411506747	16.7234463051613	18.3094381614234
glutathione disulfide	25.1458616533734	25.4338598312197	25.6151124098598	25.6178930489581	25.4602256472403	25.4823148007124	24.6818639930005	25.2323308929501	25.6120435741516	25.1202426637982	25.1829220192573	24.9648708199426	24.8758712362978	25.1485533471302	25.0108992298877	25.3763716111858	24.7636922329866	24.8892659118058	24.8318389561862	25.4472294937352	25.0396921520953	24.5825430850206	24.72133787762	24.7239275325514	24.7399832767898	25.1451035447496	24.9669132817535	25.2586243287939
glycolic acid	20.8430956134211	21.3381155974484	21.2062757673741	21.730793631729	21.7180058574197	21.0669303572743	21.1086788205526	21.4794713239798	21.7105878505541	20.8685755171521	21.4280881837588	21.3492423652204	21.0117392894103	21.1190764938033	21.1566067413026	21.5228365769838	20.9725268288745	21.1422514970794	21.2801257860069	21.3184001482778	21.5977253380168	21.044270687998	20.5180411790521	20.7116017874857	20.9715715752783	21.2235446286968	21.1369310441954	21.5714282813601
tiglic acid	16.7122587284254	17.2863850933241	17.5198906292711	0	17.3946705702504	16.9930362523352	17.694767995166	17.3706224540421	17.1272854358847	18.3325491681332	17.4984197884538	18.5066132992388	17.946323972045	18.5959263019208	17.2235108866543	17.1673103644669	20.067741540154	18.701814870446	17.7533190396157	18.1320212818378	17.962976510305	17.2801860393492	17.9622768241236	18.7944646662531	16.8814035862438	17.1952100407227	17.8703718961986	17.8650503159105
creatinine	18.528206422545	18.8865015107546	19.3010817833132	18.3358230323724	18.7331072791856	18.525485919959	18.9718538405161	19.3095314039634	19.162807571029	18.6120458815874	18.1814700948031	18.5704274917071	18.6530610210908	18.8753545055351	18.3726526509202	19.5807870720539	18.784430485317	19.0064173008677	18.6888359312757	19.2367652065128	20.1904035039955	18.6011023621192	17.8809149761998	18.3541102892813	17.7875433075434	18.668349706249	18.5056292559457	18.508255933261
2-oxopentanoic acid	18.9469336786055	18.8529112385719	19.4960925009594	19.9198917106228	15.0429386396786	19.6997323064303	19.2018069236864	18.6907803724102	19.3038974971617	19.2525384409059	18.9113655183303	20.2649186575453	20.7092176000755	18.5532516448541	18.6245816766699	16.5499886131699	19.1369409934184	18.8605404823048	18.6747723803973	19.0195791355973	18.5275283532151	19.2219395586491	19.7714464907512	19.4229847774493	15.2086201157617	16.8493983026607	18.533394007536	19.7602324147991
N-acetylglycine	19.4384324025555	20.3494496402935	20.6940638120274	20.5092686289755	21.2600866087291	21.3863043765141	18.6236665181143	20.6995387117226	20.5150933249846	20.5552791989556	20.3031939665524	20.704940652651	19.3567936935621	20.3138250068048	19.8185600557378	20.0524246487663	19.518414091568	19.8129281858218	20.289259970701	20.5796328848714	21.2078697449962	20.1580606698272	20.3827076323903	19.7336119107571	20.0817280934187	19.9347864280641	19.6738259458829	20.6171782781286
L-threonine	24.2093054641409	24.602999285634	24.5369185556031	23.6261731603458	24.6478284022536	24.2958844913168	24.4174083483182	25.232383317431	24.8972974302573	24.4188870885806	24.8194462986829	24.4369477181307	24.484544533542	25.1062392255048	25.0185862649092	25.4370042242584	24.6541432332928	25.2329820203213	25.2955847467231	25.1306538532963	25.6420863050821	25.1526428463664	25.4222543145164	25.0523480646095	24.9896354918395	25.2145914840995	25.3825598106727	25.2559048861076
nicotinic acid	11.6933774203553	18.5374664437066	14.8707052521807	18.1841854384961	17.7466553584823	17.7072988874769	18.8678089315251	10.3637611509199	18.5984425078607	19.138113929921	18.625649053304	15.0392614200323	18.8290266490358	19.5795773699161	18.7606239094297	19.0110742181456	19.0860585782866	19.5322320009293	19.501016784368	9.89448178604549	19.4650867404004	18.5342263188684	19.2277043733373	10.8964151104981	18.8982753149465	18.1893423269781	18.8252826034616	18.7566247225233
taurine	28.3239108180662	27.0771785648408	28.8518228923477	29.1436767376495	28.6913267836908	28.4083850018303	28.6290700767876	28.8867699831414	28.58851274227	28.2791845620212	28.4290028067617	28.3844948620045	28.2478749866082	28.1339730072061	28.1993293342569	28.0188655963882	28.7776094386888	27.7861150940597	28.0333717891185	28.6780351758288	27.1798943533899	28.1316496513564	27.9545444622754	28.4158504565345	26.720831103241	28.2541529565338	28.4380836216086	28.5287059430859
imidazol-4-ylacetic acid	15.7265990296522	16.3606421633314	16.7903103814752	15.2676719730979	15.6635400269276	15.5782791262747	13.9623508472848	16.6365942765874	15.812385088916	16.4984426832651	15.1078435527696	16.248687374399	14.2873767183709	15.6183827940695	15.2606706507737	17.1708763039752	16.0478132252414	15.3138602105728	14.4150049619434	14.5362323439268	16.4490314765128	14.4463331803053	13.6572262302996	14.5101332192572	13.8007361673249	15.4575301726914	14.523284380174	15.4750837719844
(E)-glutaconic acid	19.4977604163017	21.319001293211	19.737527727865	19.7526820519707	20.2514546351701	19.5794128392134	19.2959777560285	19.790926403003	19.8866642007611	20.2200050188066	19.8306715735426	19.7408700646717	19.4431266989057	19.5500730409817	19.660793507613	19.7584083963488	20.1333323554615	20.5788776694925	19.490215685248	20.5150329068154	19.7745974796947	19.6664761321966	20.2181271192834	19.9253298979016	19.4584092955269	19.5216096947771	19.6801133446369	19.5116637756863
2-oxohexanoic acid	15.9130949507976	16.5481052466913	17.8343216809835	17.7210781511788	15.8023682261315	16.7302284934035	16.9427778905637	17.0243594898285	17.1645153312504	17.033379352853	16.5252348743571	17.2111130811589	15.5969647650437	17.4422609444956	16.6532350168527	16.7399789294048	20.0028353113492	17.532948313717	18.9713912864233	17.4624290699525	18.0902741401905	17.3061020897444	19.098086011368	19.6398573193945	16.6089628915399	16.6980698195716	17.8663880101331	17.0411064682715
creatine	21.3892666411497	21.3474789457729	21.6947381913067	20.519849437634	21.3880665486406	21.4338998914023	21.981026336006	21.7873851005082	21.9301667213219	22.0447057285075	21.3102663895602	22.1106546783901	21.6801243161555	21.450052203339	21.3050209680628	21.7699728468143	21.4831561821258	21.1652349136192	21.5449795197675	20.4147278207119	21.3098108357272	21.5363900446542	21.4464092603994	21.5166339712943	21.1045117368258	20.7521512316228	21.4143319954884	21.3644360145861
L-asparagine	23.0195475029193	23.4449702110744	23.0866502702313	23.7685469934813	23.1161201109449	23.2509133499029	23.223892245932	23.9156107154086	23.9151526583842	23.4832879145804	23.8443497031111	23.4837444546083	23.3977505705801	24.0391663286988	24.3246157888766	24.5935218558477	23.335103274564	23.6087446679609	24.2298163610574	24.0589294662211	23.9688868494631	24.1596059788455	23.9454359763281	24.3811513470355	23.8570078740059	24.2815149248871	24.5032242563333	24.1942429166858
L-aspartic acid	23.582496613451	24.0822133893662	24.0985649300912	23.3851727214874	23.1692424571077	23.2416170464535	24.9535554338795	24.7582875423271	23.5198321549414	24.4610699370287	24.1101391137678	24.6104304098366	24.8223954062492	25.0285212713672	24.480151333952	24.7429615669793	24.52896643564	25.3759056497051	24.6097072872764	24.4768189006596	24.8825698976991	23.8049940989094	24.3634597578415	24.2410737367773	23.9000280693322	24.0801799353834	24.4484522667382	23.8006443549712
salicylamide	15.4843404208226	16.1431057735171	16.3207451859485	15.5908606766629	14.9221525514948	15.2076617863286	16.8935178498407	16.6462552227696	16.1922111924237	16.9035898359091	15.5272830874612	16.8978165906725	16.5224768054832	16.7890340075768	15.1422336552738	16.1764771543351	17.2065638998261	17.3129142835068	16.8962453690461	16.3608215086787	17.9664298323873	15.7839839285348	16.0868614676452	17.4077959004683	15.5214574977521	14.9535445611637	16.0350870186867	15.8314729212922
salicylic acid	15.6799577624221	16.1991882843074	16.9147007250213	16.5426275303017	15.4232634048294	16.6751505957763	16.662608923005	15.6042891772627	17.0603471913591	15.0237116087214	16.839324696435	16.7044643856008	15.4978530692537	18.6122485916404	15.6492187112938	18.2198006321873	16.9976594298219	18.0004303395805	15.734830186433	15.1289757133098	16.0821767063099	15.6077393276818	16.1214905884243	17.050340845104	15.1531445232486	16.8047358411013	16.1142501515817	17.6362264086025
4-nitrophenol	13.8763260464117	13.9650262629809	15.2615223374769	15.6512301973076	13.7230649185398	13.7411461051189	14.7810927223149	13.850607296711	14.9001953597444	13.7279167331905	14.0435736761842	14.3086528819533	14.1170528047631	14.6020180953356	13.5891034530645	14.2211754342205	14.3969346059393	13.9475532283452	14.3968534843463	13.3151965319313	12.875070610076	14.0420449799767	15.5855510176597	14.847374033907	13.5428936093387	8.56130355542882	14.4515601075606	14.5829357966891
adipic acid	17.6080883901623	18.7201322715023	19.0609382832488	18.3793708089983	18.7983422713178	18.8626310512521	18.7493669122489	18.7561509172699	18.8636006185825	18.7123665000641	18.9197002941603	18.6920843830741	18.4545247920492	18.2161919059207	18.5431739157817	18.3910293721662	18.4759863347659	18.5302087646186	18.1806980627135	18.5063820894438	18.8637331564761	18.7673936570752	19.5243882882314	19.2482520424036	18.5645230765439	18.0787187762338	18.4989103701339	18.8905100547932
L-methionine	23.5898132388586	24.0591367581124	23.4756589591602	23.7165892527665	23.9497205608064	24.0064265752473	24.228481269829	24.501063649634	24.3702163912382	24.1347014187707	24.3511519968131	24.2290057742305	24.2537484007965	25.0020738777794	24.6741495612158	25.0505788580499	24.6344419317298	24.8268802027253	24.8895688361177	24.6530416586175	25.1639284845802	24.6526484900561	24.0052775123337	24.6025027704704	24.4910962140044	24.636936425101	24.7859801705255	24.643346233095
L-arabinopyranose	19.1420090776975	19.5150646735249	19.5689657163444	19.6057806224036	19.4778003050334	19.4609021848124	19.5820400682579	19.2193562138839	19.6448357567531	19.5436661033941	19.644509767655	19.618682413416	19.5656199785257	19.6683920001291	19.6466795625117	19.828043834311	19.9060760354317	19.7318764031655	19.4975335911241	19.6561150666762	19.7272686815976	19.5613144977132	19.7066040559659	19.4941234899834	19.6187060610394	19.5923172843965	19.3246477530545	21.2464778531651
3-phenylpropionic acid	20.0327108422586	17.0339726575738	16.863193161932	18.5076666896734	19.2859138713222	18.3450517119647	17.2683644549963	17.3354011741081	20.4331435482234	15.7782787264336	18.147593418176	15.08487764084	16.9051571073189	16.3221353090199	18.6842408416366	17.0070697460636	16.7262651967751	17.2983184410781	19.7000079740422	17.5861369650325	18.6672758921153	18.1988561635687	16.0536861367051	17.541021502676	17.7196394269617	14.1402722003979	14.6161597392264	19.1861739107507
3-(imidazol-5-yl)lactic acid	19.6989377913637	19.6726001088057	21.8546341202561	20.8126390570394	21.2369141387434	20.9518734439872	19.4560025726111	20.0576043398277	21.7732796558497	22.1778014639707	19.3458002934323	21.8660468528191	19.7431705864577	19.5937656826898	18.8971270755254	21.2753917827757	21.4478357669566	20.4496541707906	19.5858323810268	22.1618245542854	22.4358764151863	21.4803996978476	19.8493080526779	21.7828947804406	21.5749481030983	19.7259843011898	19.1397568388287	21.4747157659842
indole-3-carboxylic acid	15.2063811210746	15.4128549223248	14.7798692686007	13.0009926137864	15.3630598948591	14.2679806216811	15.2981968526329	16.3682650411368	14.6256376697487	14.2714941788742	15.1757529359734	15.3971768104184	15.2336943465506	15.8576460106807	15.1541551905004	14.9305665188618	15.3852882464412	16.2932410007385	15.3899023508595	16.4751254132954	15.6731869029627	16.0548703579413	13.9144103981968	16.1722305327569	15.3381453721796	14.9776359667305	15.7713191025607	15.2168212260392
keto-phenylpyruvic acid	12.8669962357612	14.033194120739	14.0100201360654	13.9402126416707	13.0571991054924	14.2047461215426	14.636582707469	13.2571006600432	13.238675667061	15.5586661442787	14.6160594390525	15.6826525722065	14.9684728550224	15.5000482537115	14.4049545975567	13.666494760156	15.4900987548842	14.7515984520183	14.2530164553907	15.2189411903358	15.4341681910126	13.6417458326326	14.6517025739267	14.9603178491387	13.9011874550819	10.4255033644342	14.2476345845802	13.5857113618621
7,9-dihydro-1H-purine-2,6,8(3H)-trione	20.9617873908485	20.7296307002811	19.3435947646462	18.656991796273	19.3942983505885	19.7926182638564	19.7239991697167	19.7020855789945	19.5825080790658	19.5568358786868	19.9308919309692	19.5453306578692	19.5459371197548	20.2437643840966	20.121816783551	20.5415173274466	20.3996190203353	20.2034101406217	20.2180594271416	20.0484283356919	19.87279494958	19.4823983284457	19.5559961102275	20.2097222656554	19.4558202447088	19.7742055373961	20.3292171244416	19.5193855498995
pyridoxine	16.8866968388582	17.4607518411382	17.2931393165118	17.264887875629	16.6644139501739	16.5125316901704	17.8611178101701	17.1777543215017	17.08690436013	17.0285622458965	16.9116986028613	17.5162147966275	17.1727976283959	17.3650801559507	17.3747083910012	17.5019452275218	17.3374267793451	17.4476297204152	17.6422660950635	17.1538627191715	17.200276983057	17.3719527172449	18.6176346202071	17.8782443402908	16.9147436589899	16.2457445056939	18.4895947705762	16.9254767862994
N(pros)-methyl-L-histidine	18.1522615670931	18.4190960791423	18.1941547082642	18.2150404587326	18.3084408038207	18.1102951917494	18.7536192773416	18.6325380365932	18.1622182201447	18.2550115063367	18.5661644397297	18.0903553990116	18.6934141293999	18.7304117573779	18.5166022412451	18.9710879809754	18.7446348068909	18.9447989787885	18.9274183196881	18.6801761254047	18.9989247766491	17.2323993780322	18.2800448548113	18.0001634430528	18.3146655511619	18.2610260857493	18.4467594296284	18.4164355221959
suberic acid	16.9553933632264	16.5166463271571	17.6954376541652	17.9593403414744	16.642641222148	17.4710059395017	17.8187288310415	16.4226717310151	17.5849015946461	16.9722326749759	16.9878624198368	16.7131864549442	16.3601720343561	15.8053403245412	15.751034287222	15.9793338628418	16.4874007411561	16.413210409891	16.3458861573114	15.7403341694197	15.3903167657429	16.6317355257335	17.4782426981968	17.3827236474418	15.8890813409299	15.6256557682596	15.6895203052757	16.8397291007974
N-acetyl-L-aspartic acid	20.2313594836171	20.4303188037807	20.0644335932112	20.1967906054375	20.5176703491716	20.1154653637978	20.3664513559709	20.6505206342353	22.5122232497018	20.7588177184608	20.410015474299	20.9315195168589	20.0361172561777	19.8932830123154	20.3076644313568	20.1578255303729	19.7014107069894	20.0745125861204	19.8471740598144	20.2383989078486	19.808428637595	19.9661942110443	20.4067748826443	20.0566668184828	19.8510737179113	20.0902106502857	20.5347787647282	19.6460368988418
N-amidino-L-aspartic acid	18.1340296729725	18.5420312805707	16.6872827232879	17.0405786934936	18.0965741307436	17.9232160474099	17.0491338300866	18.1901733597242	18.307089161774	15.5017911671714	18.2550792978978	15.9517200080224	17.4031194025992	17.7876290446311	17.7416611883547	18.3197916174028	16.5190928672459	18.1431594696868	18.3482168037245	15.7569745288005	17.0793587341748	16.6625348688739	16.6066450731967	17.3760499077007	16.7445921069786	18.0578410464728	18.2240332441155	17.4663449656089
allantoic acid	17.7383674107772	18.2833479438563	18.8420074440492	18.2686064179441	18.2007176056308	17.7759060111606	18.0312332717495	18.5530472511272	18.0336015205618	17.7191307535422	18.2257256993814	18.0963146933982	18.0313065137755	18.0882882513011	17.1963341319405	18.5387269923665	17.5301449224856	17.7472508848143	17.7406708143278	18.063587835053	18.0805073581289	17.3869806488392	17.9773816724917	17.6665360905682	17.3859786445076	17.7982971239815	17.9455918614027	17.8973946615286
D-glucono-1,5-lactone	16.598739071242	16.9735628471947	16.8308271233777	0	17.4565950581337	17.7490739507658	16.3704912566854	16.2528949002711	18.6926039241294	18.1908557619825	18.3833748127147	16.7370598100652	16.3856157304589	16.4725766171336	16.4974112164015	16.5702246881682	16.6032151391645	17.9962345865839	18.1965795554226	18.213517685616	19.0009462821032	18.8339555509457	17.2172827908878	18.032487028346	16.6573868419782	19.4701037532021	18.8890009264308	18.0959429577989
4-oxo-4-(pyridin-3-yl)butanoic acid	20.1045168543823	22.2414569044064	21.8567154069638	0	20.8581525405877	19.3992251361142	21.3184562000339	21.7475578939208	20.1225449270931	20.3131243943957	20.4420252037585	17.416175712899	21.5876292053498	21.0755039581307	19.6797494800595	21.8411462292829	21.3942564765075	21.6924175636235	20.5012725500317	22.1437416184151	23.4778662009371	20.7154442463539	0	20.3286661628729	20.4910613614568	17.6928293294291	16.7203912355131	19.8968484088527
N(6)-acetyl-L-lysine	17.2257553490946	17.8344426560285	17.423152029609	16.940113973812	17.296863344842	17.018030613923	17.9139371403686	18.2363010799479	17.3359825741744	17.703054615969	18.0764769038391	17.4199897949147	17.9183403425575	18.4126880929399	18.1636418147529	18.5769832279954	17.8071530101245	18.3197118072145	18.0132157934732	17.8452180498471	18.3573586999476	17.6985357945107	17.4480501459462	17.6814072617949	17.4662660927004	18.0888829373107	18.2038263938018	17.5078968192217
(5-hydroxyindol-3-yl)acetic acid	13.7630888857607	15.0546026222673	15.0307106681544	12.3231121967058	13.7325310221102	13.749573024494	15.3360211167069	14.8545913272724	14.0326269250035	15.1618750889644	14.4488119256425	15.5099153832028	15.2099193637166	14.6783597065686	14.1548046628186	14.4604091794701	14.6881546727694	14.3368314922265	14.8057740958931	14.7170407133221	14.8076577998658	14.6947855389427	14.8383791412284	14.623201923934	13.7213075012242	13.9450917158298	14.9047197547204	14.2206647522263
ferulic acid	14.8926372034587	15.0287733047635	12.7034388175919	11.2694650999191	13.9380587721816	13.2615076030299	15.1675855357897	11.7690902744531	17.1422815984807	13.2604604613838	14.4295734682989	12.0186446051123	12.7593298004525	13.8045495276193	15.1757093734323	14.2863281711712	13.4530686734403	13.9856498494326	13.3360615765383	12.7709850983539	14.0211196541681	13.3864553148659	14.2599050576916	13.6598911193627	12.1211248685494	15.3721961217884	12.8895642328863	14.7336715689837
sebacic acid	16.0499846463367	15.9157400590688	16.5698180870941	16.732959693785	15.3809872335411	17.297811879109	15.1193059168568	15.0401355787059	16.7054514992109	15.9159132149395	15.7016042849218	15.883156841556	13.9561120262172	15.9043182683842	15.2506085699217	16.2196884838189	16.0773379367526	16.458144479317	16.5957912824315	15.0794914506092	13.1281158297178	16.8936653350272	14.129883478186	17.1524769722781	15.2026480526959	10.8096427414086	14.0274594036662	15.8981459861682
3-(indol-3-yl)lactic acid	17.5200630770681	18.8830411826465	19.2419540643087	18.3480257031703	18.7098669853916	18.1721315398425	17.8484585105714	18.75053918624	18.8542818892527	19.1784737458296	18.9248675822985	18.6881963436787	17.5904174624667	18.1274664288031	18.1570774707933	19.503207521704	17.7809600480386	18.3126840145363	17.656243984328	17.9657217289506	19.0152685756855	18.2196076654524	17.6122126693783	17.8955279490898	18.2765165665048	18.6067453285611	17.3933477189816	18.4748379590711
12-hydroxylauric acid	16.6855646166819	15.661016195943	17.3312904897095	16.3614584200839	15.7773436826946	15.5967200098797	15.630575143943	16.2230902780202	16.3446298392963	15.5221686343481	15.8212293813757	16.1594091889189	15.8633291932651	16.5214955460926	14.6248662640438	14.9565808028577	16.8548829893051	16.0193759325344	15.4729481231433	16.9557157389761	17.2011916035617	15.3041769640846	15.2272436403522	16.8263250349759	15.2103144304556	15.3381858671131	14.7384986994293	14.9139529129766
pantothenic acid	22.7392878289206	23.6217272752639	23.5969667982184	23.7576917357305	23.7685520493962	23.6417408766823	23.7106846434981	24.0551359453974	23.6180787331178	24.3693860118307	24.5856817821422	24.3336035426655	23.9804702259437	25.2766111117391	24.9146700284833	24.552280711621	24.5580300179747	24.8981980948779	24.5286612668679	25.0517478769842	25.6745598541218	25.1614365830343	24.496055454218	24.8911427049653	24.7613764811476	24.1884455509583	24.3173766597776	24.1714626238927
L-cystine	16.9022325998552	16.5884253649644	15.2077891639678	17.3764891720454	14.8335330130712	14.8932199882213	16.3758461725437	17.0561211649183	16.6905709621098	16.7392914553476	17.114203920573	15.5022885783301	16.0443063817738	16.6104380642812	17.3036416366776	17.7002459838758	10.6085939679415	16.8971222259447	17.5624734921609	17.1919266995667	17.866225465009	16.9419691764553	17.5453928804916	16.6561315346308	17.2400571295583	17.5660934417171	18.3780056409528	17.2883497296165
uridine	24.8826675348196	25.4184617237913	24.7369244897271	25.5156291037509	25.5027061486153	25.5260363233013	25.4318701166611	25.1149615080408	25.3485239383407	25.3943427750426	25.5316021466483	25.6574290458407	25.6017792029166	25.5781632789058	25.6318208914046	25.0767619476578	25.5158600608296	25.8489607956653	25.7933902001566	25.6170333740231	25.3762634946988	25.6200178832008	25.8226413559782	25.4832872267699	25.8089695495109	25.3062314602772	21.9735467320849	25.719128157382
pyridoxamine 5'-phosphate	17.5086923295239	17.6451039194053	17.2674679492283	17.4333001729451	17.4914491603154	17.3133790799379	17.3004088698134	17.7395854952769	17.5048228661737	17.5142987449716	17.3887698945442	17.5361318440475	17.6320665267788	17.0411297212772	17.2767105628337	17.6488954025066	17.0561931543153	17.0180045252478	16.7854256472684	17.2343028928789	16.8314507539397	16.3022003300926	16.0290520795769	16.5455155077673	16.6752210575502	17.4058012840328	17.2936826850299	17.2521692359381
2,3-bisphospho-D-glyceric acid	17.2212019282689	17.2345545717816	18.6492116119477	18.1167277353052	17.8822041994957	17.4859189084489	17.2224034281841	16.2791533190594	18.0697298120642	16.9111883220072	18.0304392188055	17.0116050920885	16.4916350162419	11.9471993149624	15.9397213006588	16.7139073463849	14.9327084250728	14.2151803214472	16.2113377514817	17.2729131280565	13.3823835573618	16.0405416654402	16.6025988354672	15.8153347581564	15.8305917070023	16.6609415708428	17.1033769494567	17.2001984231592
(S)-naringenin	16.1891247731904	12.5911326353795	11.3266901374455	0	12.1019730454782	14.0324633521849	12.463820902452	15.0397043208984	17.6655732560861	11.6110649228582	12.9431019467387	10.0471280029259	9.43508035411622	11.887172626398	10.015161338777	13.1623466372497	0	0	14.6392513854261	15.3323327656948	14.4802581786235	14.2724307738043	13.4961946796401	15.2988211725443	15.3913654425975	13.8512766532099	13.5697749290498	14.7934727496306
2-hydroxyhexadecanoic acid	19.3091641233795	19.8981964523214	20.4562661692742	19.787746840853	19.599100146008	19.699060996974	20.1925516883404	19.7627729362751	19.9857613478208	19.8640836493921	20.0497568363002	19.7777219769872	19.8152269186511	20.0701209444768	19.6258627418251	20.1042532098192	20.1255093267639	19.8445526869062	19.744394849826	20.3894548900397	20.3730063663818	20.1138337150353	20.134615579304	19.8044910763714	19.5523251842919	19.9302539639187	19.9647342856606	20.0995455797176
guanosine	19.8492668788146	20.1629493642495	20.7449446718512	20.40543858609	20.9066381488535	20.9907258435352	19.94270348931	19.5625800690933	20.6965261222244	20.9970774643574	20.3964584507176	20.6796836857528	19.9210075679251	18.9247171255277	18.7799889248735	18.4922717865709	19.3826740489294	19.3186233465126	18.7122717334657	19.8516320872818	19.2254108100671	19.8638160389415	19.0943437116642	19.6974844762798	19.7747783746868	19.2197033709189	18.7739018944938	20.2923575846826
(N(omega)-L-arginino)succinic acid	15.2907870906362	15.5592109654798	14.5247877749263	14.8227789352552	15.7854941034097	15.7333654633226	15.0161405734102	15.9683731759578	15.4307752924428	15.5308872772051	16.7738835483602	15.5616710057453	15.2975099205679	15.2480009217368	15.8496120581048	16.0216196111474	13.2814842580306	14.8491436132117	14.7748714613798	15.3572317061609	14.8080204652064	14.0415008776671	11.4994916460225	12.4740815927212	13.8846379834255	15.7948285716258	14.8812248741108	14.2507588105279
5'-S-methyl-5'-thioadenosine	16.7986312704383	16.6556550976946	16.5317314300164	17.4378658347957	16.6555321206819	17.2984116685642	14.3259357234046	16.6942300023537	16.9026212429668	14.5553116967492	17.8876781691603	14.8762229099342	15.426898284778	15.0122412939177	16.3249422406938	15.6102829077487	15.0514876627954	12.9750260997853	14.4168839336918	13.8330521500555	14.2707471930636	15.5923276771327	16.442791101841	15.2625147870772	15.460826057779	0	15.6033658413025	15.6117974215469
prostaglandin B2	16.7618018228477	16.9077931716845	16.9032911121157	16.1439043189617	15.2862920687216	15.5466654042237	14.72255781234	16.7507567009911	16.4530902215363	15.5532995985104	15.1381649862204	16.4519311525333	16.3945621712204	17.4076154816936	15.7949168843566	16.8019318684071	17.3154865928984	17.0786960110654	16.0858746962576	16.2214377767762	17.622733928895	13.117317776586	15.9468669908119	15.365577791042	12.0012241510673	0	15.2850907862307	15.0792522605168
prostaglandin A1	15.9190227464869	17.7204152849063	17.0850616010718	0	16.8079560874463	15.2310974000884	13.6809001031799	17.5900109562217	15.6137664474568	17.3088082848128	17.2956694013845	17.5192292704335	17.1829093157219	17.5309762548831	17.2073547002101	17.2453716524137	0	17.3414632269894	16.6787211654861	17.7953624259225	17.8927888497362	15.3201888389051	17.5981317589519	17.52948927225	16.1593200926523	16.4248250111469	17.6733339227439	15.9944630492297
alpha,alpha-trehalose	25.1132480827095	25.4276746752339	25.5384383309072	25.4109911622966	25.2897833576405	25.2638399769316	26.676102523769	25.0441749655472	26.1127587209788	25.4217452742784	25.567971418271	25.7018190473482	25.4412269184322	25.8597426582587	25.8844568561824	25.7996274508846	25.7811346300895	25.6878307588925	25.842284180658	25.8624117873573	25.9270102815837	26.458403358886	26.4313039465173	26.0987412504495	26.3446300553199	25.777814469706	25.8660170154269	26.1025875202464
medroxyprogesterone	17.8488319654605	18.4388909175279	18.7609187201021	16.9613468155039	15.1502994542033	16.1112769081875	18.9505291287555	18.2740391172081	16.6561762361812	17.9202964408789	17.7780553061431	18.2724890038152	18.3158306190872	18.318667253729	17.9400566056757	17.4870486452559	18.2532168696595	18.2621769895644	17.8559725483509	18.014875901199	18.0166173416384	19.0231132440546	18.8244507080096	18.4521861310793	16.4646306197592	16.9984350725288	18.3647985366984	16.3934776064638
prostaglandin F1alpha	18.6197901152033	18.5376074497738	18.280537447674	17.9579726209154	18.2133866805202	17.5765529900961	17.2142090625304	18.6681640936065	18.5259244918961	17.0705769569516	18.3533859278366	16.8853543885403	17.6463231448585	18.1755115413897	18.2337081387235	18.6201621801419	18.0314939102668	18.8598453439214	18.3667542066713	18.3005581240054	18.8528537672431	17.9040594892149	17.8630640449262	18.2195967948003	18.0616860305472	17.9991241361121	17.4582463903383	17.9891078439486
ADP	19.5322391003737	19.273344868697	19.6014969642725	19.9589873501912	18.7397282083027	19.2199944655595	18.4102086845779	18.3790436659179	19.8974905336146	18.2971666032625	19.5154767480725	18.9559796021273	18.3766316074396	14.4703665436531	17.4578048841916	17.4893352636499	13.6185873920179	13.8913470320616	13.98556624778	14.462071495827	13.6429745239244	17.0011453624384	17.9942092264478	15.5741006208839	15.8965180746099	18.1494176813428	18.091650770334	18.6454934378057
GDP	15.6226083992137	15.5121731726643	16.3815407544256	16.6049406060101	15.9325017488537	15.1912207990512	15.6104415248314	15.1924118781386	16.1863704035248	14.6171069760819	14.7639473273285	15.3583232471686	14.3801025113604	14.3060025730472	14.4804273363405	14.2817931382512	13.8126476292695	11.7840712338455	14.5459412285741	14.6969664398671	15.2819691356283	12.5889247010432	13.9874390081848	14.21314144118	12.3086274265431	14.043788600031	15.0970173312194	14.5469089253403
glycocholate	15.3777558446844	16.5511380633484	15.3207018466656	12.0864152473834	17.6930615077333	14.4336943172264	17.9648981076266	15.8180278796021	16.367505189883	15.9417535084552	16.0147710973177	16.1796070718617	14.6460596880747	16.1915144200558	17.4603871004373	16.3470275048258	15.3015697854141	16.5049196711766	15.28350910184	12.7450419035107	14.062770508598	11.3457367734325	13.6774939276455	12.1136207427875	14.5259489538904	16.4801480260893	13.3782528534726	11.9608266108039
ADP-D-ribose	14.5780742613428	14.6348507464231	15.1736388825187	18.6197543002333	18.335966005801	15.943866856083	14.8299951964006	12.8291094593634	15.8897130896013	13.6087976944172	15.4559898446788	15.0510763591712	14.1033050222842	11.9823365854597	14.3588414142318	13.901788947672	13.7730722228949	12.4160926300344	14.2767627147746	13.8602179247459	13.0667906851134	13.8318960393527	15.2652941840254	14.8385056997534	13.4669992054859	14.9927821478325	15.4202990923912	15.3288957740209
UDP-alpha-D-galactose	14.9470871481342	15.4431378112966	14.372772576697	19.2167586446296	17.6916351657828	15.9332773237314	17.3007734875689	15.1683759654931	17.8013389241024	17.6738066278845	15.2901596382257	17.2629500172117	16.4278654047054	13.4663773102216	13.7818934529322	12.7245665037069	14.9637044035945	15.5881606373815	13.7156692615802	14.3285963959115	12.4157235496615	14.8114534695734	16.1527722479493	14.9150638053669	15.2594854589429	17.3445915260695	15.4145098425759	16.2409539615246
GDP-L-fucose	16.7038130237583	17.0118387334552	16.8702683825635	17.104727735349	16.7395406679487	16.8961833770179	15.7685994328116	16.8794169261567	17.0374418537124	16.4920918037871	16.7201146386729	16.3187886866291	15.6177305999833	14.4506487376078	15.5703220952609	15.8946510557201	14.2528974866569	14.3948491747106	14.5209703498506	15.532595481909	14.9736054462701	14.9397307113765	15.3453179172227	14.1015227065001	14.4613272400465	16.0193329260903	16.0367241790302	15.5039698015884
